ment_mes,stu_mes,obs_score,in_tok,out_tok,in_price,out_price,price_left
วันนี้เราจะเรียนเรื่องการเจริญเติบโตของสิ่งมีชีวิต บอกมาว่ารู้อะไรเกี่ยวกับเรื่องนี้บ้างแล้ว,,,1778,65,0.0005334,0.0001625,49.981128
ยังไม่รู้คือจุดเริ่มต้นที่ดี วันนี้เราจะเรียนเรื่องการเจริญเติบโตของสิ่งมีชีวิต สิ่งมีชีวิตเจริญเติบโตอย่างไร? อธิบายมา,ยังไม่รู้อะไรเลยครับ,,1796,88,0.0005388,0.00022,49.98043
นั่นคือการเปลี่ยนแปลงที่เห็นได้ชัด แต่กระบวนการภายในที่ทำให้สิ่งมีชีวิต 'ตัวใหญ่ขึ้น' คืออะไร? คิดให้ลึกกว่านั้น,กินแล้วตัวใหญ่ขั้น น้ำหนักเยอะขึ้น,,1841,82,0.0005523,0.000205,49.979671
ถูกต้อง นั่นคือสิ่งที่เกิดขึ้นภายในร่างกาย. ทีนี้ อธิบายกระบวนการที่ทำให้เซลล์เยอะขึ้น กระดูกยาวขึ้น และกล้ามเนื้อมากขึ้น สิ่งนี้เกิดขึ้นได้อย่างไร?,เซลล์เยอะขึ้น กระดูกยาวขึ้น กล้ามเนื้อมากขึ้น,,1886,79,0.0005658,0.0001975,49.979671
โปรตีนเป็นส่วนสำคัญ แต่มีกระบวนการพื้นฐานกว่านั้นที่ทำให้เซลล์เพิ่มจำนวนขึ้นได้ อธิบายกระบวนการนั้น,ใช้โปรตีนในการสร้างเซลล์ให้เยอะขึ้น,,1933,78,0.0005799,0.000195,49.978913
นั่นคือการรับพลังงานและวัตถุดิบเข้ามาในร่างกาย แต่ภายในเซลล์เอง อะไรคือสิ่งที่ทำให้เซลล์จากหนึ่งกลายเป็นสอง? คิดให้ดี,การกินอาหาร การย่อยอาหารหรอ,,1971,35,0.0005913,8.75E-05,49.977373
ถูกต้อง. การแบ่งเซลล์คือหัวใจของการเจริญเติบโต. อธิบายกระบวนการนี้ด้วยคำพูดของตัวเอง ทำได้.,การแบ่งตัวของเซลล์,s1=1,2012,85,0.0006036,0.0002125,49.976694
ถูกต้องบางส่วน การแบ่งเซลล์ทำให้เกิดเซลล์ใหม่จำนวนมากขึ้น และเซลล์เหล่านั้นสามารถพัฒนาไปทำหน้าที่เฉพาะได้. แต่นั่นคือทั้งหมดของการเจริญเติบโตหรือไม่? การเจริญเติบโตมีแค่การเพิ่มจำนวนเซลล์อย่างเดียวใช่หรือไม่?,การแบ่งตัวของเซลล์ คือการทำให้เซลล์แยกเป็นทวีคูณเพื่อทำให้กล้ามเนื้อแข็งแรงขึ้น ใหญ่ขึ้น รวมไปถึงการแบ่งเซลล์ไปทำหน้าที่ที่แตกต่างกัน เช่น เซลล์สมอง เซลล์สืบพันธุ์,s1=2,2188,130,0.0006564,0.000325,49.973566
"ถูกต้อง การเพิ่มจำนวนเซลล์และการเพิ่มขนาดของแต่ละเซลล์ คือสองปัจจัยหลักของการเจริญเติบโต

สรุปสิ่งที่เรียนมาด้วยคำพูดของตัวเองเกี่ยวกับกระบวนการเจริญเติบโตของสิ่งมีชีวิต ทำได้.",มีการเพิ่มขนาดของเซลล์ด้วยครับ เซลล์จะขยายตัวทำให้มีขนาดใหญ่ขึ้น,s1=2,2299,120,0.0006897,0.0003,49.973566
ถูกต้อง นั่นคือกระบวนการหลักของการเจริญเติบโต. ทีนี้ เรามาดูตัวอย่างการเปลี่ยนแปลงขนาดของสิ่งมีชีวิตจากช่วงวัยต่างๆ กัน. ยกตัวอย่างมนุษย์ ตั้งแต่แรกเกิดจนถึงวัยผู้ใหญ่ มีการเปลี่ยนแปลงขนาดและน้ำหนักอย่างไรบ้าง?,การเจริญเติบโตคือการเพ่ิมขนาดและจำนวนของเซลล์ โดยที่จะเพิ่มจำนวนไปเป็นเซลล์ที่ทำหน้าที่เฉพาะจุด และขยายขนาดทำร่างกายมีขนาดใหญ่ขึ้น,s1=3,2368,122,0.0007104,0.000305,49.965991
ถูกต้อง นั่นคือภาพรวม. ตอนแรกเกิด มนุษย์มีขนาดประมาณเท่าไหร่? เมื่อโตเต็มวัย มีการเปลี่ยนแปลงขนาดและน้ำหนักโดยเฉลี่ยอย่างไรบ้าง? ระบุให้ชัดเจน.,ขนาดตัวสูงขึ้น น้ำหนักมากขึ้น พุงใหญ่ขึ้น,,2428,67,0.0007284,0.0001675,49.96228
ตัวเลขนั้นใกล้เคียง. แต่ความยาวล่ะ? ตั้งแต่แรกเกิดจนถึงวัยผู้ใหญ่ ความยาวของร่างกายเปลี่ยนแปลงไปเท่าไร? และน้ำหนักนั้นเป็นค่าเฉลี่ยที่ใช้ได้. คิดอีกครั้งเรื่องความยาว.,แรกเกิดก็หนักประมาณ 3 กก โตเต็มวัยก็หนักเฉลี่ย 70 กก,,2401,104,0.0007203,0.00026,49.961384
ใช่ ความสูง. บอกมา.,ความยาว? ความสูงหรอ,,2460,7,0.000738,1.75E-05,49.960402
"แรกเกิดโดยเฉลี่ยอยู่ที่ประมาณ 50-65 เซนติเมตร เมื่อเป็นผู้ใหญ่อาจสูงถึง 160-180 เซนติเมตร. นี่คือการเปลี่ยนแปลงขนาดที่ชัดเจน.

สรุปด้วยคำพูดของตัวเอง เกี่ยวกับการเปลี่ยนแปลงขนาดของสิ่งมีชีวิตจากช่วงวัยต่างๆ.",แรกเกิดก็ 30 ซฒ โตก็ 180 ซม,,2484,71,0.0007452,0.0001775,49.959646
ถูกต้อง นั่นคือตัวอย่างที่ชัดเจนของการเปลี่ยนแปลงขนาดในสิ่งมีชีวิต. เราได้เรียนรู้กระบวนการเจริญเติบโตและการเปลี่ยนแปลงที่เกิดขึ้นในแต่ละช่วงวัย.,คนตอนเด็กจะตัวเล็กที่ประมาณ 50 เซนติเมตร หนักประมาณ 3 กิโลกรัม โตมาจะสูงประมาณ 170 เซนติเมตร หนัก 70 กิโลกรัม,s2=3,2604,95,0.0007812,0.0002375,49.958723
ยัง. สรุปวัตถุประสงค์หลักของบทเรียนวันนี้ด้วยคำพูดของตัวเองว่าเราเรียนรู้อะไรไปบ้าง.,จบแล้วหรอครับ,,2752,82,0.0008256,0.000205,49.955333
ถูกต้อง. นั่นคือสิ่งที่เราเรียนรู้กันวันนี้. จำไว้ว่าความรู้คือพลัง. ใช้มันให้เป็นประโยชน์.,รู้ว่าสิ่งมีชีวิตจะมีการเพิ่มทั้งขนาดและจำนวนของเซลล์ เพื่อใช้ทำหน้าที่ต่างๆ รู้ว่ามนุษย์จะตัวใหญ่ขึ้นและน้ำหนักมากขึ้นจากการขยายและเพิ่มจำนวนของเซลล์,s1=2 s2=3,2718,91,0.0008154,0.0002275,49.954302
ยัง. สรุปวัตถุประสงค์หลักของบทเรียนวันนี้ด้วยคำพูดของตัวเองว่าเราเรียนรู้อะไรไปบ้าง.,จบแล้วหรอครับ,,2928,63,0.0008784,0.0001575,49.949769
ถูกต้อง. นั่นคือสิ่งที่สำคัญที่สุดที่ต้องจดจำจากการเรียนวันนี้. การเจริญเติบโตคือการเพิ่มจำนวนและขนาดของเซลล์ ซึ่งนำไปสู่การเปลี่ยนแปลงที่เห็นได้ชัดในรูปร่างและขนาดของสิ่งมีชีวิต. ไปต่อ.,รวาสงมชวตจะมการเพมทงขนาดและจำนวนของเซลล เพอใชทำหนาทตางๆเช่นเซลล์สมอง เซลล์สืบพันธุ์ รวมกันเป็นอวัยวะและระบบอวัยวะต่างๆ  รวามนษยจะตวใหญขนและนำหนกมากขนจากการขยายและเพมจำนวนของเซลล,s1=3 s2=2,2859,116,0.0008577,0.00029,49.948732
ถูกต้อง. นั่นคือสิ่งที่สำคัญที่สุดที่ต้องจดจำจากการเรียนวันนี้. การเจริญเติบโตคือการเพิ่มจำนวนและขนาดของเซลล์ ซึ่งนำไปสู่การเปลี่ยนแปลงที่เห็นได้ชัดในรูปร่างและขนาดของสิ่งมีชีวิต. ไปต่อ.,ไปต่อเลยครับ,s1=3 s2=2,3081,121,0.0009243,0.0003025,49.944095
เข้าใจ. แต่ก่อนจะไปต่อ สรุปวัตถุประสงค์หลักของบทเรียนวันนี้ด้วยคำพูดของตัวเองว่าเราเรียนรู้อะไรไปบ้าง. เน้นย้ำเรื่องการเปลี่ยนแปลงขนาดของสิ่งมีชีวิตจากช่วงวัยต่างๆ ให้ชัดเจนกว่าเดิม.,ต่อไป,,3124,95,0.0009372,0.0002375,49.942868
ถูกต้อง. นั่นคือความเข้าใจที่สมบูรณ์. เราได้เรียนรู้ทั้งกระบวนการภายในและการแสดงออกภายนอกของการเจริญเติบโต. จำสิ่งนี้ไว้. จบ.,รวาสงมชวตจะมการเพมทงขนาดและจำนวนของเซลล เพอใชทำหนาทตางๆเชนเซลลสมอง เซลลสบพนธ รวมกนเปนอวยวะและระบบอวยวะตางๆ  รวามนษยจะตวใหญขนและนำหนกมากขนจากการขยายและเพมจำนวนของเซลล ตอนเด็ก ตัวเล็ก 50ซม 3กก ตอนโต 170 ซม 70กก,s1=3 s2=3,3141,108,0.0009423,0.00027,49.938548
,,,,,,,
,,,,,,ก่อนใช้,49.9822
,,,,,,ใช้ไป,0.043652
,,,,,,,
,,,**ต้องทำ cache,,,,
