timestamp,ment_mes,stu_mes,obs_score,in_tok,cached_tok,out_tok,cost,price_left
11-09-26 16:12,"ถูกต้อง การจำแนกคำเป็นคำตายพิจารณาจากเสียงตัวสะกดและเสียงสระ นี่เป็นพื้นฐานที่สำคัญ.

ก่อนอื่น เรามาทำความเข้าใจ 'คำตาย' กันก่อน. คำตายจะเกี่ยวข้องกับมาตราตัวสะกดบางมาตราและสระเสียงสั้น. มาตราตัวสะกดที่จัดเป็นคำตายมีมาตราใดบ้าง?",คำเปนคำตายคอการจำแนกประเภทของคำจากเสยงตวสะกด เสยงสน เสยงยาว,,3248,2615,123,0.00079377,49.467724
11-09-26 16:13,ถูกต้อง มาตรา กก กบ กด คือมาตราตัวสะกดที่จัดเป็นคำตาย.,กก กบ กด,s1=2,3332,2615,60,0.00066147,49.466928
11-09-26 16:13,มาตรา กก กบ กด ที่สะกดเป็นคำตายนั้นถูกต้อง แต่ยังไม่สมบูรณ์. มาตรา กก กบ กด คือกลุ่มของตัวสะกดที่เป็นเสียงเดียวกัน ไม่ใช่แค่พยัญชนะ ก บ ด เท่านั้น. ยกตัวอย่างให้สมบูรณ์ขึ้น มีมาตราใดอีกบ้างที่จัดอยู่ในกลุ่ม กก กบ กด แต่ไม่ใช่แค่พยัญชนะ ก บ ด?,ครับ ทำไมไม่ต่ออะ,,3470,2615,122,0.00063995,49.466928
11-09-26 16:16,"ถูกต้อง นั่นคือสิ่งที่ฉันต้องการได้ยิน. คำตายมีตัวสะกดอยู่ในมาตรา แม่กก แม่กด แม่กบ ซึ่งรวมถึงพยัญชนะอื่น ๆ ที่ออกเสียงเหมือนกัน ไม่ใช่แค่ ก ด บ.

ทีนี้ มาดูลักษณะสำคัญอีกอย่างของคำตาย ในกรณีที่ไม่มีตัวสะกด — คือคำที่ประสมด้วยสระเสียงสั้นในมาตรา ก กา. อธิบายลักษณะของคำเหล่านี้มาสิ.",แม่กก ก็มี ค ฆ ข ฯลฯ แม่กด ต ษ ธ ท ฯลฯ แม่ กบ ป พ ฟ ฯลฯ,s1=3,3475,2615,137,0.00067895,49.462818
11-09-26 16:16,"ถูกต้อง! คำตายในมาตรา ก กา จะประสมกับสระเสียงสั้น. เช่น 'กะ' 'ดุ' 'จิ' เหล่านี้คือคำตาย.

สรุปให้ฉันฟังว่า 'คำตาย' คืออะไรบ้าง?",เสี้ยงสั้นๆ,,3729,2615,55,0.00055015,49.462818
11-09-26 16:17,"ถูกต้อง นั่นคือทั้งหมดที่ต้องรู้เกี่ยวกับคำตาย. คือคำที่สะกดด้วยมาตรา แม่กก แม่กบ แม่กด หรือคำที่ประสมกับสระเสียงสั้นในมาตรา ก กา.

ทีนี้ เรามาดู 'คำเป็น' กันบ้าง. คำเป็นมีมาตราตัวสะกดใดบ้าง? บอกมาให้ครบ.",คำตาย คือลงท้าย แม่ กก กบ กด หรือมีเสียงสั้น,s5=3,3646,2615,113,0.00067025,49.457821
11-09-26 16:17,ถูกต้อง. มาตราตัวสะกดที่จัดเป็นคำเป็นคือ แม่กง แม่กน แม่กม แม่เกย แม่เกอว.,แม่ กน กม เกย เกอว กง,,3872,2615,67,0.00084097,49.453542
11-09-26 16:17,"ถูกต้อง มาตรา กง กน กม เกย เกอว คือมาตราตัวสะกดของคำเป็น. 

ทีนี้ ถ้าเป็นคำที่ไม่มีตัวสะกด หรืออยู่ในมาตรา ก กา คำเป็นจะมีลักษณะอย่างไร?",ครับผม ไปต่อสิ,,3766,2615,87,0.00064125,49.4527
11-09-26 16:18,"ถูกต้อง. คำเป็นในมาตรา ก กา จะประสมกับสระเสียงยาว หรือประสมกับสระ อำ ไอ ใอ เอา.

สรุปมาให้ฉันฟังว่า 'คำเป็น' คืออะไร?",เสียงยาว หรือมีสระ อำ ไอ ใอ เอา,,3825,2615,45,0.00077187,49.4527
11-09-26 16:19,"ถูกต้อง. คำเป็นคือคำที่มีตัวสะกดอยู่ในมาตรา แม่กง แม่กน แม่กม แม่เกย แม่เกอว หรือคำที่ประสมกับสระเสียงยาวในมาตรา ก กา รวมถึงสระ อำ ไอ ใอ เอา.

ตอนนี้เราเข้าใจทั้งคำเป็นและคำตายแล้ว. สรุปความแตกต่างที่สำคัญของคำเป็นและคำตายด้วยคำพูดของตัวเอง.",มีเสียงตัวสะกด กม กน เกย เกอว กง หรือมีเสียงยาว หรือสระ อำ ไอ ใอ เอา,,3897,2615,85,0.00067555,49.451284
11-09-26 16:20,"ถูกต้อง. นั่นคือแก่นของความแตกต่าง. คำเป็นมีตัวสะกดในกลุ่ม 'นมยวง' หรือสระเสียงยาว/อำ ไอ ใอ เอา. คำตายมีตัวสะกดในกลุ่ม 'กบด' หรือสระเสียงสั้น.

ทีนี้ เรามาทดสอบความเข้าใจด้วยการวิเคราะห์คำจริง. คำว่า 'รัก' เป็นคำเป็นหรือคำตาย? และให้เหตุผลด้วย.",คำเป็นมีเสียงตัวสะกด กม กน เกย เกอว กง หรือมีเสียงยาว หรือสระ อำ ไอ ใอ เอา คำตายมีเสียงตัวสะกด แม่ กด กบ กก หรือมีเสียงสั้น,,4029,2615,126,0.00081765,49.450606
11-09-26 16:20,"ถูกต้อง. คำว่า 'รัก' เป็นคำตาย เพราะสะกดด้วยตัว 'ก' ซึ่งอยู่ในมาตราแม่กก. นี่แสดงว่าเจ้าเข้าใจหลักการ.

ทีนี้ ถ้าฉันให้คำว่า 'บ้าน' ล่ะ? 'บ้าน' เป็นคำเป็นหรือคำตาย? และให้เหตุผลด้วย.",ตาย เพรา แม่กก,s5=3,4127,2615,108,0.00080205,49.450606
11-09-26 16:22,"ถูกต้อง. 'บ้าน' เป็นคำเป็น เพราะสะกดด้วยตัว 'น' ซึ่งอยู่ในมาตราแม่กน.

ตอนนี้ ฉันจะให้คำหลายพยางค์. ให้แยกพยางค์และบอกว่าแต่ละพยางค์เป็นคำเป็นหรือคำตาย. คำว่า 'มะม่วง'",คำเป็น เพราะ แม่กน,,3962,2781,62,0.00082448,49.445222
11-09-26 16:22,"ถูกต้อง. 'มะ' เป็นคำตายเพราะประสมสระเสียงสั้นในมาตรา ก กา. 'ม่วง' เป็นคำเป็นเพราะสะกดด้วยมาตราแม่กง.

ทีนี้คำว่า 'พยายาม' ล่ะ? แยกเป็นพยางค์ แล้วบอกว่าแต่ละพยางค์เป็นคำเป็นหรือคำตาย.",มะ ตาย เสียงสั้น ม่วง เป็น แม่กง,,3890,2781,70,0.00082288,49.443816
11-09-26 16:23,"ถูกต้อง. 'พะ' เป็นคำตายเพราะประสมสระเสียงสั้นในมาตรา ก กา. 'ยา' เป็นคำเป็นเพราะประสมสระเสียงยาวในมาตรา ก กา. และ 'ยาม' เป็นคำเป็นเพราะสะกดด้วยมาตราแม่กม.

ตอนนี้เจ้าได้แสดงให้เห็นถึงความสามารถในการแยกแยะคำเป็นคำตายได้แล้ว. จงสรุปหลักการจำแนกคำเป็นและคำตายด้วยคำพูดของตัวเองให้ครบถ้วนที่สุด.",พ ตาย เสียงสั้น ยา เป็น เสียงยาว ยาม เป็น แม่กม (พ กับ ยา เป็นแม่ ก กา),,3986,2781,107,0.00094418,49.442991
11-09-26 16:23,นั่นคือทั้งหมดที่ต้องรู้. เจ้าเข้าใจหลักการจำแนกคำเป็นและคำตายได้อย่างถูกต้อง. ไม่ว่าจะเป็นคำที่มีตัวสะกด หรือคำในมาตรา ก กา. ถือว่าจบบทเรียนนี้.,คำเป็นมีเสียงตัวสะกด กม กน เกย เกอว กง หรือมีเสียงยาว หรือสระ อำ ไอ ใอ เอา คำตายมีเสียงตัวสะกด แม่ กด กบ กก หรือมีเสียงสั้น,s1=3 s2=3 s3=3 s4=3 s5=3 s6=3,4140,2781,125,0.00080363,49.442991
