timestamp,ment_mes,stu_mes,obs_score,in_tok,cached_tok,out_tok,cost,obs_in_tok,obs_out_tok,obs_cost,price_left
13-09-26 11:42,วันนี้เราจะศึกษา 'อาณาจักรธนบุรี' ยุคสมัยที่สำคัญในการฟื้นฟูชาติหลังการเสียกรุงครั้งที่สอง สิ่งสำคัญที่ต้องเข้าใจอันดับแรกคือการกอบกู้เอกราช เริ่มต้นจากการรวบรวมไพร่พลและขับไล่ข้าศึกที่ยังคงหลงเหลืออยู่ในแผ่นดิน เจ้าตากใช้เวลาไม่นานในการเตรียมการ หลังจากเสียกรุงศรีอยุธยาไปเพียง 7 เดือน ก็สามารถรวบรวมกำลังและเข้ายึดค่ายโพธิ์สามต้น ขับไล่พม่าได้สำเร็จ นี่คือจุดเริ่มต้นของการฟื้นฟูชาติ ตอนนี้บอกมาว่า การกอบกู้เอกราชของพระเจ้าตากสินใช้เวลาเท่าไหร่หลังเสียกรุงศรีอยุธยา?,,,2782,0,212,0.0013646,0,0,0,49.395872
13-09-26 11:42,"วันนี้เราจะเรียนเรื่อง 'อาณาจักรธนบุรี' ยุคสำคัญในการฟื้นฟูชาติหลังเสียกรุงศรีอยุธยาครั้งที่สอง สิ่งแรกที่ต้องเข้าใจคือการกอบกู้เอกราชของสมเด็จพระเจ้าตากสินมหาราช พระองค์รวบรวมไพร่พลและขับไล่ข้าศึกที่ยังหลงเหลืออยู่ในแผ่นดิน หลังเสียกรุงไปเพียง 7 เดือน ก็สามารถยึดค่ายโพธิ์สามต้นและขับไล่พม่าได้สำเร็จ นี่คือจุดเริ่มต้นของการฟื้นฟูชาติ

บอกมาว่า การกอบกู้เอกราชของพระเจ้าตากสินใช้เวลาเท่าไหร่หลังเสียกรุงศรีอยุธยา?",สวัสดีครับ,,4042,0,198,0.0017076,0,0,0,49.395872
13-09-26 11:42,"ไม่ว่าคุณจะเคยรู้หรือไม่ สิ่งที่สำคัญคือการเรียนรู้ตอนนี้ ฟังให้ดี

หลังจากเสียกรุงศรีอยุธยาครั้งที่สองในปี พ.ศ. 2310 สมเด็จพระเจ้าตากสินมหาราชได้ทรงรวบรวมไพร่พลและกอบกู้เอกราช พระองค์ใช้เวลาเพียง 7 เดือนหลังเสียกรุงศรีอยุธยา เพื่อรวบรวมกำลังและเข้ายึดค่ายโพธิ์สามต้น ขับไล่พม่าได้สำเร็จ นี่คือจุดเริ่มต้นของการฟื้นฟูชาติและสถาปนากรุงธนบุรีเป็นราชธานี

บอกมาว่า การกอบกู้เอกราชของพระเจ้าตากสิน ใช้เวลาเท่าไหร่หลังเสียกรุงศรีอยุธยา?",ยังไม่รู้เรื่องนี้เลยครับ ช่วยเล่าให้ฟังหน่อย,,4247,0,212,0.0018041,0,0,0,49.394507
13-09-26 11:43,ถ้าเข้าใจแล้ว บอกมาว่าการกอบกู้เอกราชของพระเจ้าตากสินใช้เวลาเท่าไหร่หลังเสียกรุงศรีอยุธยา?,อ๋อ เข้าใจละครับ แล้วมีรายละเอียดอะไรเพิ่มอีกไหม,,4448,3048,71,0.00068894,0,0,0,49.392798
13-09-26 11:43,"การกอบกู้เอกราชของสมเด็จพระเจ้าตากสินมหาราช ใช้เวลา 7 เดือนหลังเสียกรุงศรีอยุธยา

นี่คือรายละเอียดเบื้องต้น: หลังจากเสียกรุงศรีอยุธยาครั้งที่สองในปี พ.ศ. 2310 สมเด็จพระเจ้าตากสินมหาราชได้ทรงตีฝ่าวงล้อมพม่าออกมา และไปตั้งหลักที่เมืองจันทบุรี ก่อนจะรวบรวมไพร่พลและขับไล่พม่าที่ยังคงอยู่ในแผ่นดิน โดยเฉพาะการเข้ายึดค่ายโพธิ์สามต้นได้สำเร็จ กระบวนการทั้งหมดนี้เกิดขึ้นภายในเวลา 7 เดือน

ทำไมการกอบกู้เอกราชครั้งนี้จึงสำคัญต่อการฟื้นฟูชาติ? จงให้เหตุผลมา 2 ข้อ",งั้นขอตัวอย่างเพิ่มอีกอันได้ไหมครับ,,4512,0,176,0.0017936,0,0,0,49.390991
13-09-26 11:43,ถ้าเข้าใจแล้ว สรุปมาว่าการกอบกู้เอกราชของสมเด็จพระเจ้าตากสินมหาราชเกิดขึ้นได้อย่างไรและใช้เวลาเท่าไหร่หลังเสียกรุงศรีอยุธยา? สรุปทั้งหมดด้วยคำพูดของตัวเอง,เข้าใจแล้วครับ ลองสรุปให้ฟังนะ,,4714,0,94,0.0016492,0,0,0,49.388504
13-09-26 11:43,ยังไม่ถึงเวลาขอบคุณ ถ้าเข้าใจแล้ว สรุปมาว่าการกอบกู้เอกราชของสมเด็จพระเจ้าตากสินมหาราชเกิดขึ้นได้อย่างไรและใช้เวลาเท่าไหร่หลังเสียกรุงศรีอยุธยา? สรุปทั้งหมดด้วยคำพูดของตัวเอง ทำได้,ครับผม ขอบคุณครับ,,4788,0,107,0.0017039,0,0,0,49.388504
13-09-26 11:43,,[observer: soft_skill_eval],soft_skill_eval,0,0,0,0,3914,863,0.008229,49.388504
